Proband,B_01,B_02,B_03,B_04,B_05,CD2_01,CD2_02,CD_03,CD_04,G_N,Xmn I ,G_64,EN01,EN02,EN03 ,EN04 ,BP1U01N ,BP1U02,BP1U03,BP1U04,BP1U05,LCR1 _01,LCR1 _02,LCR1 _03,LCR1 _04,LCR2 _01N,LCR2 _02,LCR2 _03,LCR2 _04,LCR2 _05,LCR2 _06,LCR2 _07,LCR4N_A,LCR4 _G
Proband 1,1,0,0,1,0,0,1,1,1,1,1,0,0,0,1,0,0,0,1,0,1,0,1,1,0,1,1,0,0,0,0,0,1,1
Proband 2,0,0,0,1,0,0,1,1,1,0,0,1,0,0,1,0,0,0,1,0,1,0,1,0,0,0,0,0,1,0,1,0,0,1
Proband 3,1,0,0,0,0,0,1,1,1,1,1,0,0,0,1,0,0,0,1,0,1,0,1,0,1,1,1,0,0,0,0,0,1,1
Proband 4,1,0,0,1,0,0,1,1,1,1,1,0,0,0,1,0,0,0,1,0,1,1,0,0,0,0,1,0,0,0,0,0,1,1
Proband 5,1,0,0,1,0,0,1,1,1,0,0,1,0,0,1,0,1,0,0,1,0,0,0,1,0,0,0,0,1,0,1,0,1,1
Proband 6,1,0,0,1,0,0,1,1,1,1,0,0,0,0,1,0,0,1,1,0,0,0,1,0,1,0,0,0,1,0,1,0,1,1
Proband 7,1,0,0,1,0,0,1,1,1,1,1,0,0,0,1,0,0,0,1,0,1,0,0,1,0,0,0,1,1,0,0,0,0,1
Proband 8,1,0,0,1,0,0,1,1,1,1,0,0,0,0,1,0,0,0,0,1,1,0,1,1,0,0,0,0,1,0,1,0,1,1
Proband 9,0,1,0,0,0,1,0,0,0,1,1,0,0,1,0,0,0,0,0,0,1,0,1,0,0,0,0,0,1,1,0,1,1,0
Proband 10,1,1,0,0,1,1,0,0,0,1,1,0,0,1,0,0,1,0,0,0,1,0,0,1,0,1,1,0,0,0,0,0,1,1
Proband 11,1,0,0,1,0,0,1,1,1,1,0,0,0,0,1,0,1,0,0,0,1,0,0,1,0,1,0,0,0,0,0,0,1,1
Proband 12,1,0,1,0,0,0,1,0,0,1,1,0,0,0,0,1,1,0,1,0,0,0,0,1,0,0,0,0,1,0,1,0,1,0
Proband 13,1,1,0,0,1,1,0,0,0,1,1,0,0,1,0,0,1,0,0,0,1,0,0,1,0,1,1,0,0,0,0,0,1,1
Proband 14,1,0,0,1,0,0,1,1,1,0,0,1,0,0,1,0,1,0,0,0,1,0,0,1,0,1,0,0,0,0,0,0,1,1
Control 1,1,0,0,0,0,1,0,0,0,1,0,0,0,0,1,0,1,0,0,0,0,1,0,0,0,1,0,0,0,0,0,0,1,0
Reference,1,0,0,0,0,1,0,0,0,1,0,0,1,0,0,0,1,0,0,0,0,1,0,0,0,1,0,0,0,0,0,0,1,0
