Allele,Proband 1,Proband 2,Proband 3,Proband 4,Proband 5,Proband 6,Proband 7,Proband 8,Proband 9,Proband 10,Proband 11,Proband 12,Proband 13,Proband 14,Control 1,Reference
B_01,1,0,1,1,1,1,1,1,0,1,1,1,1,1,1,1
B_02,0,0,0,0,0,0,0,0,1,1,0,0,1,0,0,0
B_03,0,0,0,0,0,0,0,0,0,0,0,1,0,0,0,0
B_04,1,1,0,1,1,1,1,1,0,0,1,0,0,1,0,0
B_05,0,0,0,0,0,0,0,0,0,1,0,0,1,0,0,0
CD2_01,0,0,0,0,0,0,0,0,1,1,0,0,1,0,1,1
CD2_02,1,1,1,1,1,1,1,1,0,0,1,1,0,1,0,0
CD_03,1,1,1,1,1,1,1,1,0,0,1,0,0,1,0,0
CD_04,1,1,1,1,1,1,1,1,0,0,1,0,0,1,0,0
G_N,1,0,1,1,0,1,1,1,1,1,1,1,1,0,1,1
Xmn I ,1,0,1,1,0,0,1,0,1,1,0,1,1,0,0,0
G_64,0,1,0,0,1,0,0,0,0,0,0,0,0,1,0,0
EN01,0,0,0,0,0,0,0,0,0,0,0,0,0,0,0,1
EN02,0,0,0,0,0,0,0,0,1,1,0,0,1,0,0,0
EN03 ,1,1,1,1,1,1,1,1,0,0,1,0,0,1,1,0
EN04 ,0,0,0,0,0,0,0,0,0,0,0,1,0,0,0,0
BP1U01N ,0,0,0,0,1,0,0,0,0,1,1,1,1,1,1,1
BP1U02,0,0,0,0,0,1,0,0,0,0,0,0,0,0,0,0
BP1U03,1,1,1,1,0,1,1,0,0,0,0,1,0,0,0,0
BP1U04,0,0,0,0,1,0,0,1,0,0,0,0,0,0,0,0
BP1U05,1,1,1,1,0,0,1,1,1,1,1,0,1,1,0,0
LCR1 _01,0,0,0,1,0,0,0,0,0,0,0,0,0,0,1,1
LCR1 _02,1,1,1,0,0,1,0,1,1,0,0,0,0,0,0,0
LCR1 _03,1,0,0,0,1,0,1,1,0,1,1,1,1,1,0,0
LCR1 _04,0,0,1,0,0,1,0,0,0,0,0,0,0,0,0,0
LCR2 _01N,1,0,1,0,0,0,0,0,0,1,1,0,1,1,1,1
LCR2 _02,1,0,1,1,0,0,0,0,0,1,0,0,1,0,0,0
LCR2 _03,0,0,0,0,0,0,1,0,0,0,0,0,0,0,0,0
LCR2 _04,0,1,0,0,1,1,1,1,1,0,0,1,0,0,0,0
LCR2 _05,0,0,0,0,0,0,0,0,1,0,0,0,0,0,0,0
LCR2 _06,0,1,0,0,1,1,0,1,0,0,0,1,0,0,0,0
LCR2 _07,0,0,0,0,0,0,0,0,1,0,0,0,0,0,0,0
LCR4N_A,1,0,1,1,1,1,0,1,1,1,1,1,1,1,1,1
LCR4 _G,1,1,1,1,1,1,1,1,0,1,1,0,1,1,0,0
LCR-4N_A,1,0,1,1,1,1,0,1,1,1,1,1,1,1,1,1
LCR-4 _G,1,1,1,1,1,1,1,1,0,1,1,0,1,1,0,0
